{
    "info": {
        "_postman_id": "9c8df912-6502-4a53-bdec-ee1dff210daa",
        "name": "DB_PROJECT",
        "schema": "https://schema.getpostman.com/json/collection/v2.1.0/collection.json",
        "description": ""
    },
    "item": [
        {
            "name": "RegisterUser",
            "request": {
                "method": "POST",
                "url": {
                    "raw": "http://localhost:5000/api/auth/register",
                    "path": [
                        "api",
                        "auth",
                        "register"
                    ],
                    "protocol": "http",
                    "host": [
                        "localhost"
                    ],
                    "port": "5000"
                },
                "body": {
                    "mode": "raw",
                    "options": {
                        "raw": {
                            "language": "json"
                        }
                    },
                    "raw": "{\n    \"userName\": \"Ali Adnan\",\n    \"password\": \"Pandaxyz\",\n    \"email\": \"aliadnan.yaqoob@gmail.com\",\n    \"fullName\": \"Ali Adnan\",\n    \"phoneNumber\": \"03224814809\",\n    \"userTypeFlag\": 1\n}"
                }
            }
        },
        {
            "name": "UserLogin",
            "request": {
                "method": "POST",
                "url": {
                    "raw": "http://localhost:5000/api/auth/login",
                    "path": [
                        "api",
                        "auth",
                        "login"
                    ],
                    "protocol": "http",
                    "host": [
                        "localhost"
                    ],
                    "port": "5000"
                },
                "body": {
                    "mode": "raw",
                    "options": {
                        "raw": {
                            "language": "json"
                        }
                    },
                    "raw": "{\n    \"email\": \"admin1@example.com\",\n    \"password\": \"password1\"\n}"
                }
            }
        },
        {
            "name": "PrintAllUsers",
            "request": {
                "method": "GET",
                "url": {
                    "raw": "http://localhost:5000/api/users",
                    "path": [
                        "api",
                        "users"
                    ],
                    "protocol": "http",
                    "host": [
                        "localhost"
                    ],
                    "port": "5000"
                }
            }
        },
        {
            "name": "UserByID",
            "request": {
                "method": "GET",
                "url": {
                    "raw": "http://localhost:5000/api/users/3",
                    "path": [
                        "api",
                        "users",
                        "3"
                    ],
                    "protocol": "http",
                    "host": [
                        "localhost"
                    ],
                    "port": "5000"
                }
            }
        },
        {
            "name": "UpdateUser",
            "request": {
                "method": "DELETE",
                "url": {
                    "raw": "http://localhost:5000/api/users/7",
                    "path": [
                        "api",
                        "users",
                        "7"
                    ],
                    "protocol": "http",
                    "host": [
                        "localhost"
                    ],
                    "port": "5000"
                },
                "body": {
                    "mode": "raw",
                    "options": {
                        "raw": {
                            "language": "json"
                        }
                    },
                    "raw": "{\n    \"fullName\": \"Updated Name\",\n    \"phoneNumber\": \"5555555555\"\n}"
                }
            }
        },
        {
            "name": "AssignCountryToDelegate",
            "request": {
                "method": "POST",
                "url": {
                    "raw": "http://localhost:5000/api/delegates/assign-country",
                    "path": [
                        "api",
                        "delegates",
                        "assign-country"
                    ],
                    "protocol": "http",
                    "host": [
                        "localhost"
                    ],
                    "port": "5000"
                },
                "body": {
                    "mode": "raw",
                    "options": {
                        "raw": {
                            "language": "json"
                        }
                    },
                    "raw": "{\n    \"delegateId\": 3,\n    \"countryId\": 2\n}"
                }
            }
        },
        {
            "name": "AssignBlockToDelegate",
            "request": {
                "method": "POST",
                "url": {
                    "raw": "http://localhost:5000/api/delegates/assign-block",
                    "path": [
                        "api",
                        "delegates",
                        "assign-block"
                    ],
                    "protocol": "http",
                    "host": [
                        "localhost"
                    ],
                    "port": "5000"
                },
                "body": {
                    "mode": "raw",
                    "options": {
                        "raw": {
                            "language": "json"
                        }
                    },
                    "raw": "{\n    \"delegateId\": 3,\n    \"blockId\": 1\n}"
                }
            }
        },
        {
            "name": "SubmitPositionPaper",
            "request": {
                "method": "POST",
                "url": {
                    "raw": "http://localhost:5000/api/delegates/submit-paper",
                    "path": [
                        "api",
                        "delegates",
                        "submit-paper"
                    ],
                    "protocol": "http",
                    "host": [
                        "localhost"
                    ],
                    "port": "5000"
                },
                "body": {
                    "mode": "raw",
                    "options": {
                        "raw": {
                            "language": "json"
                        }
                    },
                    "raw": "{\n    \"delegateId\": 4,\n    \"submissionDate\": \"2025-04-10T10:00:00\",\n    \"dueDate\": \"2025-04-15T23:59:59\",\n    \"status\": \"Draft\"\n}"
                }
            }
        },
        {
            "name": "DelegatesWithoutCountry",
            "request": {
                "method": "GET",
                "url": {
                    "raw": "http://localhost:5000/api/delegates/without-country",
                    "path": [
                        "api",
                        "delegates",
                        "without-country"
                    ],
                    "protocol": "http",
                    "host": [
                        "localhost"
                    ],
                    "port": "5000"
                }
            }
        },
        {
            "name": "AssignChairToCommittee",
            "request": {
                "method": "POST",
                "url": {
                    "raw": "http://localhost:5000/api/chairs/assign-committee",
                    "path": [
                        "api",
                        "chairs",
                        "assign-committee"
                    ],
                    "protocol": "http",
                    "host": [
                        "localhost"
                    ],
                    "port": "5000"
                },
                "body": {
                    "mode": "raw",
                    "options": {
                        "raw": {
                            "language": "json"
                        }
                    },
                    "raw": "{\n    \"chairId\": 1,\n    \"committeeId\": 2\n}"
                }
            }
        },
        {
            "name": "AssignContriesAutomatically",
            "request": {
                "method": "POST",
                "url": {
                    "raw": "http://localhost:5000/api/countries/allocate",
                    "path": [
                        "api",
                        "countries",
                        "allocate"
                    ],
                    "protocol": "http",
                    "host": [
                        "localhost"
                    ],
                    "port": "5000"
                }
            }
        },
        {
            "name": "getDelegatesWithoutCountry",
            "request": {
                "method": "GET",
                "url": {
                    "raw": "http://localhost:5000/api/countries/delegates/unassigned",
                    "path": [
                        "api",
                        "countries",
                        "delegates",
                        "unassigned"
                    ],
                    "protocol": "http",
                    "host": [
                        "localhost"
                    ],
                    "port": "5000"
                }
            }
        },
        {
            "name": "NewNotification",
            "request": {
                "method": "GET",
                "url": {
                    "raw": "http://localhost:5000/api/notifications/1",
                    "path": [
                        "api",
                        "notifications",
                        "1"
                    ],
                    "protocol": "http",
                    "host": [
                        "localhost"
                    ],
                    "port": "5000"
                },
                "body": {
                    "mode": "raw",
                    "options": {
                        "raw": {
                            "language": "json"
                        }
                    },
                    "raw": "{\n    \"title\": \"System Maintenance\",\n    \"content\": \"The system will be down for maintenance on Saturday from 2AM to 4AM.\",\n    \"category\": \"System Updates\",\n    \"scheduledTime\": \"2025-04-26T02:00:00.000Z\",\n    \"recipientIds\": [1, 2, 3, 4]\n}"
                }
            }
        }
    ]
}